Country Name,GDP
Brazil,19510.12818
Argentina,15031.22311
Colombia,17665552.57
Chile,10432077.46
Peru,16538.47897
Venezuela,..
Ecuador,3862.192829
Bolivia,4030.923171
Uruguay,497339.5388
Paraguay,29828298.8
Suriname,24614.81789
Guyana,2273207.544
